"rmse","mae","r2"
0.0506244825886979,0.0393725570271089,0.964081133662318
