"rmse","mae","r2"
17.4643223267772,13.0807413274592,0.960827870289102
