"rmse","mae","r2"
0.0814287842538029,0.0652159725557835,0.907069702472117
