"rmse","mae","r2"
18.2956821178962,15.584069848485,0.957009656097744
